True,Pred,Prob,Risk
0,0,0.03700904916285401,Low
0,0,0.16957651834703263,Low
1,1,0.38041479824051005,Medium
0,1,0.4181249154693473,Medium
0,1,0.22420742146105813,Medium
0,1,0.31851184526142495,Medium
0,1,0.6692219221858349,High
0,1,0.2554877788446072,Medium
0,0,0.01292269761218955,Low
0,0,0.1928110611077564,Low
0,1,0.2977423336761282,Medium
0,0,0.04742304083915726,Low
0,0,0.08958933014061922,Low
0,0,0.1956757178977793,Low
0,1,0.5187328529820433,High
0,0,0.12818856105885312,Low
0,1,0.4459096232127131,Medium
0,0,0.03891620523894876,Low
0,1,0.45841806402376994,Medium
0,0,0.1146514338242249,Low
0,0,0.007740743713482608,Low
0,1,0.31893483258460953,Medium
0,0,0.07526067760213959,Low
0,0,0.026270973657817484,Low
0,1,0.2844308679992731,Medium
1,1,0.32972837654307946,Medium
0,0,0.010176148639333357,Low
0,0,0.0268915250996503,Low
0,1,0.2248685066806974,Medium
0,0,0.05649173596075406,Low
0,0,0.15217642125042197,Low
0,1,0.24350709191273454,Medium
0,0,0.09225083774415274,Low
0,1,0.30252897284401853,Medium
0,1,0.24321606748291966,Medium
1,1,0.3071792401698083,Medium
0,1,0.5008723032257523,High
0,0,0.04267843969099557,Low
0,1,0.23120432220237538,Medium
0,0,0.06382990329973441,Low
0,1,0.2065484871557033,Medium
0,1,0.45162446998482375,Medium
0,0,0.03886511174118755,Low
0,0,0.046452131003609363,Low
0,0,0.05654355554635011,Low
0,0,0.039919770617240544,Low
0,1,0.39744893759289757,Medium
0,1,0.2789523858971893,Medium
0,0,0.10979357156539332,Low
0,0,0.036515065053518175,Low
0,0,0.12098006029010223,Low
0,1,0.22194957042491692,Medium
0,1,0.6086410762792964,High
0,0,0.15852887705519392,Low
0,0,0.038656168102146324,Low
1,1,0.25380757235079854,Medium
0,0,0.13436453521725172,Low
0,0,0.04020739525540021,Low
0,0,0.03389261576851493,Low
0,0,0.12189741603718998,Low
0,1,0.26716764228861417,Medium
1,1,0.7374982793983037,High
0,0,0.11426174920176337,Low
0,0,0.06922010034324026,Low
0,1,0.35214029489097054,Medium
1,1,0.45107320693165603,Medium
1,1,0.7757576640947309,High
1,1,0.6221956709364962,High
0,0,0.19116104199995604,Low
0,0,0.027207289327872138,Low
0,1,0.38888684428141124,Medium
0,0,0.10042981116065246,Low
0,0,0.13799787421876744,Low
0,0,0.05685287391006758,Low
0,0,0.14970005957042531,Low
0,1,0.2790011538696564,Medium
0,0,0.03801916631965864,Low
0,1,0.22110989137711543,Medium
0,0,0.16500789321901466,Low
0,0,0.016016289128325367,Low
0,0,0.1324845851328788,Low
0,0,0.05863736305276312,Low
1,0,0.1699731192354554,Low
0,0,0.11666866163287741,Low
0,1,0.24425237527019378,Medium
0,0,0.03696626379671864,Low
0,1,0.20615366588387762,Medium
1,1,0.3268560677075477,Medium
0,1,0.336250374990694,Medium
0,0,0.11451046800998757,Low
0,0,0.1215784197294516,Low
0,0,0.05473484917430284,Low
0,0,0.0925959676662122,Low
1,1,0.4660390016880932,Medium
0,1,0.3047543105840676,Medium
1,1,0.8118097030990803,High
0,0,0.0033255186605390687,Low
0,0,0.06181421220242961,Low
1,0,0.17939455591796508,Low
0,0,0.06643126741740188,Low
0,0,0.030873137284345556,Low
0,1,0.3364712574015481,Medium
0,0,0.06252931910013268,Low
0,0,0.19039053731897432,Low
1,1,0.3846660516679155,Medium
0,0,0.0512892010629995,Low
0,1,0.36380402169172615,Medium
0,0,0.010506809301460734,Low
0,1,0.27247313141698026,Medium
0,0,0.19991731363449014,Low
0,1,0.4388604498418829,Medium
1,1,0.2336442539868099,Medium
0,1,0.3058088289011099,Medium
0,1,0.3370722475648238,Medium
1,1,0.5420569089772382,High
0,1,0.21799153626822892,Medium
0,1,0.5996167916677696,High
0,0,0.10742891158949174,Low
0,0,0.03499016326844117,Low
0,0,0.01765801482698505,Low
0,1,0.6768032612062951,High
0,1,0.28842674918069144,Medium
0,0,0.022145731385832902,Low
0,1,0.5752150714915677,High
0,1,0.43219640744010623,Medium
0,0,0.14575033427177353,Low
0,1,0.5008178378966082,High
1,0,0.09596041394761384,Low
0,1,0.20929336345315191,Medium
0,1,0.38219973440563815,Medium
0,0,0.009695094149614093,Low
0,1,0.3181026854976988,Medium
0,0,0.036808247027252564,Low
0,1,0.657760430962844,High
0,0,0.07498073251183844,Low
1,1,0.45740168714327983,Medium
0,1,0.21543796374031132,Medium
0,0,0.12168348876019117,Low
0,0,0.09493728401448102,Low
0,1,0.37434019431258914,Medium
0,0,0.019152379628712468,Low
0,0,0.008110068554461367,Low
1,1,0.2574406417832005,Medium
0,0,0.1297392140985875,Low
0,0,0.16438018614591401,Low
1,1,0.3132644873483901,Medium
0,0,0.013489669521382997,Low
0,0,0.16493759324967555,Low
0,0,0.0393908908690858,Low
0,0,0.05365738272345636,Low
0,0,0.023677657017705352,Low
0,0,0.07304253701817243,Low
0,0,0.03526860097970908,Low
1,1,0.5145848473186678,High
0,1,0.38539363198882615,Medium
0,0,0.15814128391179494,Low
0,0,0.09589747559799182,Low
0,0,0.05490500723405595,Low
0,0,0.066179419893131,Low
0,0,0.04609493535624345,Low
0,0,0.032700134218155895,Low
0,0,0.08502555625610168,Low
0,0,0.13206035731036625,Low
0,0,0.10755065345775604,Low
0,0,0.04169967996631103,Low
0,0,0.01946815631843408,Low
0,0,0.1674553041447685,Low
0,0,0.020374003811846328,Low
0,0,0.09549161057727915,Low
0,1,0.3083734882124805,Medium
0,0,0.03355025178613886,Low
0,0,0.19806202309236906,Low
0,1,0.20982958153008863,Medium
0,0,0.021707124731389815,Low
0,0,0.05516718104803023,Low
0,0,0.15633584502155548,Low
0,0,0.18081717380030185,Low
0,1,0.21177567786090465,Medium
0,0,0.1374995857160652,Low
0,0,0.02637886646241694,Low
0,0,0.020626016058105757,Low
0,1,0.3596996557177332,Medium
0,0,0.052794591280678524,Low
0,0,0.10648795112341723,Low
0,0,0.030768932531100877,Low
0,0,0.07267456391349672,Low
0,1,0.49049871634131936,Medium
0,0,0.015026274846209796,Low
0,1,0.25022705417742597,Medium
0,0,0.010236497165043115,Low
0,1,0.23538794460811535,Medium
0,0,0.05960398694311297,Low
0,0,0.027429605806495446,Low
0,0,0.11864133007438098,Low
0,0,0.18890629275458182,Low
0,0,0.02967819178857965,Low
0,0,0.03797063828133094,Low
0,1,0.25635704099815115,Medium
0,0,0.14602251448448667,Low
0,0,0.13637374444992423,Low
0,0,0.008293397046794633,Low
0,0,0.12518267107516784,Low
1,1,0.6895133199119636,High
0,1,0.2274532268174248,Medium
0,0,0.09421034693393672,Low
0,0,0.032958614153835324,Low
0,0,0.041779000447215615,Low
0,0,0.016861747173575293,Low
1,1,0.5564973854801503,High
0,0,0.17828737075262652,Low
0,1,0.21289464056372354,Medium
1,1,0.5662038693944368,High
0,0,0.06248660203398715,Low
0,0,0.11162296151213756,Low
0,0,0.16863751981472747,Low
0,0,0.18736040708053361,Low
0,0,0.05606749881791175,Low
0,1,0.2135256577906923,Medium
1,1,0.2793408144186277,Medium
0,1,0.2132047908883843,Medium
0,0,0.09290447169512683,Low
0,0,0.04943594170160683,Low
0,1,0.5484811402591245,High
1,1,0.4048803292279308,Medium
1,1,0.33086107607044113,Medium
0,0,0.04667209045464251,Low
0,1,0.38197513648423514,Medium
0,1,0.6738405922407532,High
0,0,0.19296209938991754,Low
0,1,0.3738826347622898,Medium
0,0,0.04062802475402666,Low
0,0,0.19362729190727593,Low
0,0,0.012166809597019568,Low
1,1,0.49089192256076863,Medium
1,1,0.8033159921501722,High
0,1,0.21843129226239608,Medium
0,1,0.30633184859808116,Medium
0,0,0.10602214952599402,Low
0,1,0.7899682983339704,High
0,0,0.02863524244944822,Low
0,0,0.16829766248235684,Low
0,1,0.42944397956228975,Medium
0,1,0.6083739159911653,High
0,0,0.08157938180223451,Low
0,0,0.11466786747471862,Low
0,0,0.02004199098413983,Low
0,0,0.09959994522128904,Low
0,1,0.21103974255557628,Medium
0,0,0.031567826000923574,Low
0,0,0.03697734237273251,Low
0,0,0.019216692388228596,Low
0,0,0.08992928084612029,Low
0,0,0.006892856974763102,Low
0,1,0.40776517142707086,Medium
0,1,0.2554799650893542,Medium
0,0,0.03933223569620567,Low
1,1,0.7151134335976168,High
1,1,0.5592497374208518,High
0,0,0.08491119962415494,Low
1,1,0.4153316884524505,Medium
0,0,0.019559056086180672,Low
1,0,0.14519526726247622,Low
0,0,0.11065481994300481,Low
0,0,0.011855634632000482,Low
0,1,0.6703079884962481,High
0,0,0.006964926870250624,Low
1,1,0.30379859403124826,Medium
0,0,0.04675961350504995,Low
1,1,0.6997455330524578,High
0,1,0.27526253337082374,Medium
0,0,0.06361554588731747,Low
1,0,0.17106906989137957,Low
0,1,0.5208943819788149,High
0,0,0.024276301694462397,Low
1,1,0.6435671372193068,High
0,0,0.08219272219880215,Low
0,1,0.6196151010024287,High
0,0,0.09011912043188222,Low
0,0,0.010066937078525497,Low
0,1,0.5467889159704413,High
0,1,0.24222890521201865,Medium
0,0,0.14247408436477166,Low
1,1,0.3060723304469089,Medium
0,0,0.09835813634724958,Low
0,0,0.046554525344594797,Low
0,0,0.08396809361524629,Low
0,0,0.06999945002729824,Low
0,0,0.07701110325399255,Low
0,0,0.08214577266769349,Low
0,0,0.024652837250625316,Low
0,0,0.10887191300333912,Low
0,1,0.35494801764735096,Medium
0,0,0.19018188499752375,Low
1,1,0.4748746821207222,Medium
0,1,0.24136579307708936,Medium
0,0,0.04714114758853902,Low
0,1,0.20102448277659435,Medium
0,0,0.1834448509672021,Low
0,0,0.0634654563164806,Low
0,0,0.07717577664743608,Low
0,0,0.13758338920349722,Low
0,0,0.1134194166303633,Low
0,0,0.190133188402926,Low
0,0,0.18191664979793676,Low
0,0,0.032286269872754625,Low
1,0,0.09327021370393265,Low
0,0,0.18673756060227925,Low
0,0,0.10260806644230326,Low
1,1,0.48962507532255267,Medium
0,0,0.1601136203074175,Low
0,0,0.181952025905482,Low
0,0,0.06431007291107335,Low
0,0,0.059309454955550095,Low
0,1,0.23703026471336297,Medium
0,0,0.010069552231225338,Low
0,0,0.022281053768350854,Low
0,1,0.21309697937765584,Medium
0,0,0.1365911809250958,Low
0,1,0.4177807234147771,Medium
0,1,0.32780533177333193,Medium
1,1,0.614201734813201,High
0,0,0.1397041211260746,Low
0,0,0.01972827334822497,Low
0,0,0.08990842074470219,Low
0,0,0.10511975154028903,Low
0,0,0.010777232633792062,Low
0,1,0.5060002194894222,High
0,1,0.2422327550021995,Medium
1,1,0.4431223638465636,Medium
0,0,0.12781198843482755,Low
0,1,0.44879871366471374,Medium
0,1,0.29080671855982887,Medium
0,1,0.3483099463083116,Medium
0,1,0.4223684489846602,Medium
0,0,0.060900605065591557,Low
0,0,0.007095694678790683,Low
0,0,0.012846471689324828,Low
0,1,0.5471204594441372,High
0,0,0.07354837992552465,Low
0,1,0.2010088217571494,Medium
0,0,0.061486701634713016,Low
0,0,0.12561993579817798,Low
0,0,0.05227479075404961,Low
0,1,0.6074459706984303,High
0,1,0.20453513891961106,Medium
0,0,0.08363172376727052,Low
0,0,0.08209502625953922,Low
0,0,0.13028062710571675,Low
0,1,0.24734930125437085,Medium
0,0,0.0663298568046749,Low
0,0,0.07965066517013428,Low
1,0,0.18497667362334297,Low
0,0,0.07581749770068782,Low
0,1,0.47483848335875434,Medium
0,0,0.1248409852226045,Low
0,0,0.08335499976812802,Low
0,0,0.1294370830252512,Low
0,1,0.36286191710730914,Medium
0,0,0.0577978853709213,Low
0,0,0.14451665936039942,Low
0,0,0.05407801502690709,Low
0,0,0.022436969292668682,Low
1,0,0.12424989582267995,Low
0,1,0.29169058738715986,Medium
1,1,0.37482431027006174,Medium
0,1,0.2541911012237592,Medium
0,1,0.2769473041070213,Medium
0,1,0.5897157423338129,High
0,1,0.284012873889748,Medium
0,0,0.12926303054974508,Low
0,0,0.11130727223746704,Low
1,1,0.27567784403798207,Medium
0,0,0.11721705715770703,Low
1,1,0.37538383235605954,Medium
0,1,0.45246412377713585,Medium
0,0,0.11705216914714792,Low
0,0,0.12071755467777273,Low
0,1,0.2768828413011245,Medium
0,1,0.28252965048374534,Medium
0,0,0.021711584150164286,Low
1,1,0.4988481279757656,Medium
0,0,0.08319403851139286,Low
0,0,0.057586767549350944,Low
0,0,0.11550254082557712,Low
1,1,0.30116856491117006,Medium
0,0,0.03658127824277708,Low
0,1,0.7292666648152132,High
0,0,0.03571599679877176,Low
1,1,0.2510979326854591,Medium
1,1,0.24286890268465233,Medium
0,0,0.17527300793038558,Low
0,0,0.0703737945396043,Low
0,0,0.034893010763529186,Low
0,0,0.03201412626514634,Low
0,0,0.059023254879586755,Low
0,0,0.023209629661419696,Low
0,0,0.0694401512348054,Low
0,1,0.7164012056477158,High
0,0,0.020103774411319164,Low
1,1,0.3356292497131752,Medium
0,0,0.0987352589529948,Low
0,0,0.012138172647097607,Low
0,1,0.21675580530458954,Medium
0,0,0.043783866340124517,Low
1,0,0.13419192786325296,Low
0,0,0.10907975790290685,Low
0,0,0.11560482018485382,Low
0,0,0.059502080250262275,Low
1,1,0.35822682502339276,Medium
1,1,0.40953430784539313,Medium
0,0,0.01012287785907134,Low
0,0,0.06350327088163207,Low
1,0,0.19544997984490098,Low
0,0,0.06430202928637577,Low
0,1,0.22153884714573865,Medium
0,1,0.24769029055893918,Medium
0,1,0.22290778814274934,Medium
0,0,0.04289061304262292,Low
0,1,0.2619508904907743,Medium
0,0,0.12412801755679206,Low
0,0,0.04452174420937585,Low
1,0,0.05617552578993145,Low
0,0,0.11175002848191058,Low
0,0,0.12595215245185076,Low
0,0,0.09722835865487896,Low
0,0,0.11941546994976476,Low
0,0,0.06243196988889823,Low
0,1,0.3639835611346972,Medium
1,1,0.23533230751913714,Medium
0,0,0.05707656115098606,Low
0,0,0.014711774328422897,Low
0,0,0.12165946774103575,Low
0,0,0.07756206065021558,Low
0,1,0.30821692623763197,Medium
0,1,0.2832901629780432,Medium
0,0,0.023896977151665357,Low
0,0,0.11906372742673581,Low
0,0,0.19879469694895419,Low
0,0,0.025443440726104605,Low
0,0,0.07181997327897685,Low
1,1,0.5170117417610773,High
0,0,0.17097800937597551,Low
0,0,0.08235804404562536,Low
0,0,0.022889664362957356,Low
0,0,0.14213945273131653,Low
0,1,0.2228233450459693,Medium
0,0,0.07481013089203148,Low
0,1,0.2476867508714192,Medium
0,0,0.03528305002768809,Low
1,1,0.42592287197431894,Medium
1,1,0.48635901715778573,Medium
1,1,0.6648833176420683,High
1,1,0.48854428623201485,Medium
0,1,0.5710279738906174,High
0,1,0.29662885016241614,Medium
0,0,0.047936376971123726,Low
0,0,0.06190662873540987,Low
0,0,0.12355546563218976,Low
0,0,0.18110036357927173,Low
0,0,0.10156333499499307,Low
0,0,0.15856163560056533,Low
1,0,0.07446993811317648,Low
0,0,0.10135330773316006,Low
0,0,0.10414536296454104,Low
0,0,0.02895147908545302,Low
0,0,0.023577618152634774,Low
0,0,0.025851051116536995,Low
0,0,0.029681451731217934,Low
0,0,0.10552946864859872,Low
0,0,0.12860623608347782,Low
0,0,0.0629532992998715,Low
0,0,0.1428226102969644,Low
0,0,0.0571691707000702,Low
1,1,0.5978541382428341,High
0,1,0.24150889868554296,Medium
0,1,0.20118077756322508,Medium
0,0,0.03279246994889612,Low
1,0,0.18712726532322313,Low
1,1,0.5142562111501614,High
0,0,0.06338548425757162,Low
0,0,0.12848202856416974,Low
0,1,0.24434061639811827,Medium
1,1,0.4448800407294586,Medium
0,0,0.15049921027999835,Low
0,0,0.09477490966350283,Low
0,0,0.012230483029945324,Low
0,0,0.13640556696265274,Low
0,0,0.14522064494798015,Low
0,0,0.09677071973940174,Low
0,0,0.14332715734684315,Low
1,1,0.7293470418144253,High
0,1,0.3724846772262126,Medium
0,1,0.29016468601093504,Medium
0,0,0.05969096735469532,Low
0,0,0.06270534225478808,Low
0,0,0.09577284132888536,Low
0,0,0.17035532875314285,Low
1,0,0.1111978869479126,Low
0,0,0.04556029037577845,Low
0,0,0.15438957593347774,Low
0,0,0.01308928472896994,Low
0,0,0.0768640371841271,Low
0,1,0.42641444135184453,Medium
1,1,0.30956090022558164,Medium
0,0,0.19603977326320796,Low
1,1,0.57957892394554,High
0,0,0.06181452998541899,Low
0,1,0.34840317159394435,Medium
0,0,0.13249727851933332,Low
0,0,0.06584917892890256,Low
1,1,0.44160802027017687,Medium
1,1,0.24735460958348335,Medium
1,1,0.2605816504495245,Medium
0,0,0.11207684912303657,Low
0,0,0.17913429639277653,Low
0,1,0.5073009567527602,High
0,1,0.4433024515566276,Medium
0,0,0.1085478186612682,Low
0,0,0.016688442133576665,Low
0,1,0.23808603958362376,Medium
0,1,0.28570734493090255,Medium
0,0,0.09065852961992485,Low
0,0,0.16648398978783968,Low
0,0,0.026485860926204564,Low
0,0,0.143716227952785,Low
1,0,0.1316214685057131,Low
0,0,0.0687327547423748,Low
1,1,0.3902651885857168,Medium
0,1,0.47779324734233153,Medium
0,0,0.1113137508956117,Low
0,0,0.009944043830117771,Low
0,0,0.07375343251019312,Low
0,0,0.0446457370124699,Low
0,0,0.12473129812161175,Low
0,0,0.05255749448041895,Low
0,0,0.060227799327319705,Low
0,1,0.2636683348073779,Medium
1,0,0.16522158652220584,Low
0,0,0.11561397166484838,Low
0,0,0.15667289235139337,Low
0,0,0.07584585701243901,Low
0,1,0.37538569990282156,Medium
1,1,0.3405002601058891,Medium
0,0,0.07708979772745807,Low
0,0,0.14553311297335375,Low
0,1,0.33095480553880485,Medium
1,1,0.9238611831559356,High
1,1,0.5258714959992474,High
0,1,0.3475000358266557,Medium
0,0,0.07295086772017832,Low
1,1,0.42036824721752397,Medium
0,1,0.20701509182767702,Medium
0,0,0.03217540898614375,Low
0,0,0.10050302278089789,Low
0,0,0.004164563764903428,Low
0,0,0.07039783913510438,Low
0,0,0.020975536801368183,Low
0,0,0.033221948296865624,Low
0,0,0.014891501195401245,Low
0,0,0.07182908177914892,Low
0,0,0.05122740378406228,Low
0,0,0.04789004879075451,Low
1,0,0.04623503154058349,Low
0,0,0.08174910379496884,Low
0,0,0.07422581894093108,Low
0,0,0.022567358794003303,Low
0,0,0.07802060813852137,Low
0,1,0.2893280303759077,Medium
0,0,0.026493764608162437,Low
0,0,0.11574586132846275,Low
0,1,0.2203133954651381,Medium
0,0,0.17522741527368,Low
0,1,0.44963798723820314,Medium
1,1,0.5983767892080223,High
0,0,0.027662221999237225,Low
0,0,0.05663540414579316,Low
0,0,0.09071140950102408,Low
0,1,0.3963647731278291,Medium
0,0,0.05234074200667624,Low
0,1,0.22521156974347722,Medium
0,0,0.07400844513121345,Low
0,0,0.10787466887823931,Low
0,0,0.11633925703896411,Low
1,1,0.3089120066888822,Medium
0,0,0.03776067793712552,Low
0,0,0.03312780423348358,Low
0,0,0.014084379293889704,Low
0,0,0.050568963509432636,Low
0,0,0.15850791748523568,Low
0,0,0.016812644010058254,Low
0,0,0.07072244158633602,Low
0,1,0.22509784350591047,Medium
0,0,0.009680490476685922,Low
0,0,0.12079971488470362,Low
0,1,0.2833680614889998,Medium
0,0,0.11348295111472692,Low
0,0,0.1754813671545126,Low
0,0,0.01658314794411962,Low
1,1,0.450154767915753,Medium
0,1,0.3003353494778568,Medium
1,1,0.2365281994517578,Medium
0,0,0.04637504966275304,Low
1,1,0.2325760164252439,Medium
0,1,0.363473889461669,Medium
1,1,0.3458739529445075,Medium
0,0,0.06404535962864777,Low
1,1,0.5218609687226043,High
0,1,0.24731041423465586,Medium
0,0,0.061508170945252655,Low
0,0,0.02591803348586979,Low
0,0,0.021559517398032683,Low
1,1,0.36231569693972276,Medium
0,1,0.2594650661935881,Medium
0,1,0.345785181885044,Medium
0,0,0.09378900316272543,Low
0,1,0.45833134260058994,Medium
1,1,0.3285480187881137,Medium
0,0,0.05410673237173166,Low
0,1,0.22200246468652568,Medium
0,0,0.10222994596237521,Low
0,0,0.04525185257831308,Low
0,0,0.07692010712208329,Low
0,0,0.06769611276367896,Low
0,1,0.2849305915577043,Medium
0,0,0.041535978562961456,Low
0,1,0.39659890385939667,Medium
0,0,0.17304649837762057,Low
0,0,0.19936495638560364,Low
0,0,0.13137133108870375,Low
0,1,0.21494601652048484,Medium
1,1,0.6955842625647485,High
0,0,0.06432012456214448,Low
0,1,0.3397669274390289,Medium
0,0,0.06161415331857121,Low
0,0,0.08366908941520736,Low
0,0,0.14093418539509162,Low
0,0,0.19907231231642597,Low
0,1,0.20539364905698457,Medium
0,0,0.17221016603643494,Low
0,0,0.04317231944202455,Low
0,1,0.7128889762677117,High
0,0,0.030550849817170076,Low
0,0,0.13766883761508897,Low
0,0,0.012674360546224587,Low
0,0,0.09781515567787258,Low
0,0,0.06623280770199227,Low
0,0,0.1732753324149315,Low
0,1,0.25477625845992563,Medium
0,1,0.37146420058350466,Medium
0,0,0.05258567989033668,Low
1,1,0.8074366693729284,High
1,1,0.33694629901738116,Medium
0,0,0.07771659509417983,Low
0,0,0.023071901023392807,Low
0,0,0.09704933285337658,Low
0,0,0.12189451859006332,Low
0,1,0.49141673919173234,Medium
1,1,0.44600736581730716,Medium
0,1,0.22876240578038282,Medium
0,1,0.46053808653226097,Medium
0,1,0.26541584915073735,Medium
0,1,0.32524311699306896,Medium
0,0,0.1315103821105575,Low
0,1,0.5549232641778881,High
0,1,0.22466907040379563,Medium
0,0,0.010625524019036159,Low
0,0,0.1407943648200745,Low
0,0,0.08262484432911589,Low
0,1,0.41897004076528044,Medium
0,1,0.3407263429936876,Medium
0,0,0.019362366718123553,Low
0,0,0.009282662502250313,Low
0,0,0.03382654146063865,Low
0,0,0.009107714400970003,Low
0,0,0.015022458918001004,Low
1,0,0.04802405905696919,Low
0,0,0.04074262208219752,Low
0,0,0.010085000457860248,Low
0,0,0.024633736484124143,Low
0,0,0.023764471795264006,Low
0,0,0.031286799794755286,Low
0,0,0.041167767728584354,Low
0,0,0.022895940788052585,Low
0,0,0.19385005091548987,Low
0,0,0.13374062654035462,Low
0,1,0.3651893461521924,Medium
1,1,0.4713743794583644,Medium
0,0,0.004688546989393706,Low
1,1,0.8558116081536793,High
0,0,0.13416563923055363,Low
0,0,0.040754590765303335,Low
0,0,0.06687963651958839,Low
0,1,0.21589605315399713,Medium
0,0,0.12681425010718106,Low
0,0,0.15989479586758887,Low
0,0,0.1302137105010595,Low
1,1,0.22912777133760806,Medium
0,0,0.08125367573368994,Low
0,1,0.5706785128668697,High
0,0,0.1800001629461609,Low
0,0,0.12395968082485499,Low
0,0,0.09275757369094208,Low
0,1,0.2502820521612688,Medium
0,1,0.4066236513923055,Medium
0,0,0.06457579238284211,Low
0,0,0.1744644362913443,Low
0,0,0.053409576607050716,Low
0,1,0.31392087799071,Medium
0,1,0.2002249759392841,Medium
0,1,0.4262944673382168,Medium
0,0,0.039592638662762566,Low
0,0,0.034351007891345625,Low
0,0,0.08837145890477341,Low
0,0,0.0326254144780779,Low
0,0,0.008255950864609169,Low
0,1,0.2914257929179645,Medium
0,0,0.05598852362351092,Low
0,0,0.12927028428653817,Low
0,0,0.005355440428770199,Low
0,1,0.6822192307639505,High
0,1,0.3253725512106622,Medium
0,0,0.05855950234202993,Low
0,1,0.21100255562754286,Medium
0,1,0.28976106072057356,Medium
0,0,0.12245787998686081,Low
0,0,0.041128984559944425,Low
0,0,0.026856030676040067,Low
1,1,0.41030269885129017,Medium
0,0,0.12041266697237826,Low
0,0,0.12326076312076031,Low
1,1,0.5565514972561079,High
0,0,0.13412381373001891,Low
1,1,0.3702900454822601,Medium
0,0,0.10251046165520904,Low
0,1,0.6527862835040588,High
0,0,0.1947076129615028,Low
0,0,0.06399821013848626,Low
0,0,0.08077066763854207,Low
0,0,0.0852843918034079,Low
0,0,0.1055295979617872,Low
1,1,0.38067459754857746,Medium
0,0,0.050071676364439564,Low
0,0,0.0529288791934729,Low
0,1,0.5010528333913205,High
0,0,0.051675948196886604,Low
0,1,0.26222322314099306,Medium
0,0,0.03207619587777085,Low
0,0,0.03747834300705891,Low
0,0,0.018368180697136253,Low
0,1,0.4344266092891117,Medium
0,1,0.4329363858495652,Medium
0,1,0.5700616140516368,High
1,1,0.29291948433265336,Medium
0,1,0.2432181121290859,Medium
0,0,0.10407850782857091,Low
0,1,0.43163249149282634,Medium
0,0,0.041930296825896385,Low
0,1,0.5520150027895103,High
0,0,0.08000072948940656,Low
0,0,0.1934241160171969,Low
0,1,0.25502626496087777,Medium
0,0,0.061464347910583354,Low
0,0,0.15595255847173806,Low
1,1,0.6417147602383579,High
0,0,0.02431884807717285,Low
0,0,0.023693958159198544,Low
0,1,0.5462680104037657,High
0,0,0.03762426903110625,Low
0,0,0.119720821060597,Low
0,0,0.1619113005886189,Low
0,0,0.17467641393814876,Low
0,1,0.22511776443782086,Medium
0,0,0.11592053864807045,Low
0,1,0.21214114928367941,Medium
0,0,0.1111556147460364,Low
0,0,0.19414377946843486,Low
0,0,0.17755151896787158,Low
0,0,0.0403602248148187,Low
0,0,0.008005764586794088,Low
0,0,0.0580628036422216,Low
1,1,0.485702892002018,Medium
0,0,0.06868897834901491,Low
0,0,0.019113364655635734,Low
1,1,0.7875628563516418,High
0,0,0.07800901239208274,Low
0,0,0.08145682713307612,Low
0,1,0.21088168577919278,Medium
0,0,0.005780161516801193,Low
0,0,0.03423850371645474,Low
1,1,0.5123054220076562,High
0,0,0.11103376858031037,Low
0,1,0.24601326094380285,Medium
0,0,0.10674441271829752,Low
1,1,0.5666745337619085,High
0,0,0.02680856763241374,Low
0,0,0.022616556989820725,Low
0,1,0.6756770958213869,High
0,1,0.21683843880587228,Medium
0,1,0.4450997700318349,Medium
0,0,0.053124490242874474,Low
